ctg_name,ctg_no,depth,parent_ctg_name,parent_ctg_no,is_leaf
뷰티,1806002619,0,,,False
여성의류,2303081535,0,,,False
남성의류,2303081536,0,,,False
백,2303081811,0,,,False
슈즈,2303081795,0,,,False
액세서리,2303082022,0,,,False
스포츠/레저,2303081986,0,,,False
골프,2201046639,0,,,False
키즈,2303081817,0,,,False
라이프,2303082120,0,,,False
전체,P20,1,뷰티,1806002619,True
향수,2302079174,1,뷰티,1806002619,False
오 드 뚜왈렛,2302079176,2,향수,2302079174,True
오 드 퍼퓸,2302079177,2,향수,2302079174,True
코롱,2302079178,2,향수,2302079174,True
기타 향수,2302079179,2,향수,2302079174,True
헤어 퍼퓸,2302079180,2,향수,2302079174,True
스킨케어,2302079070,1,뷰티,1806002619,False
스킨/토너/미스트,2302079163,2,스킨케어,2302079070,False
토너,2302079579,3,스킨/토너/미스트,2302079163,True
토너 패드,2302079578,3,스킨/토너/미스트,2302079163,True
미스트,2302079577,3,스킨/토너/미스트,2302079163,True
로션/에멀전/크림,2302079164,2,스킨케어,2302079070,False
수분/영양,2302079585,3,로션/에멀전/크림,2302079164,True
안티에이징,2302079584,3,로션/에멀전/크림,2302079164,True
민감성/진정,2302079583,3,로션/에멀전/크림,2302079164,True
화이트닝,2302079582,3,로션/에멀전/크림,2302079164,True
모공케어,2302079581,3,로션/에멀전/크림,2302079164,True
부스터,2302079580,3,로션/에멀전/크림,2302079164,True
에센스/세럼/앰플,2302079588,2,스킨케어,2302079070,False
수분/영양,2302079594,3,에센스/세럼/앰플,2302079588,True
안티에이징,2302079595,3,에센스/세럼/앰플,2302079588,True
민감성/진정,2302079596,3,에센스/세럼/앰플,2302079588,True
화이트닝,2302079597,3,에센스/세럼/앰플,2302079588,True
모공케어,2302079598,3,에센스/세럼/앰플,2302079588,True
부스터,2302079599,3,에센스/세럼/앰플,2302079588,True
아이/넥 케어,2302079589,2,스킨케어,2302079070,False
크림/밤,2302079607,3,아이/넥 케어,2302079589,True
에센스/세럼,2302079608,3,아이/넥 케어,2302079589,True
마스크/패치,2302079609,3,아이/넥 케어,2302079589,True
마스크/팩,2302079591,2,스킨케어,2302079070,False
시트팩,2302079626,3,마스크/팩,2302079591,True
토너 패드,2302079627,3,마스크/팩,2302079591,True
페이셜 팩,2302079628,3,마스크/팩,2302079591,True
기타,2302079629,3,마스크/팩,2302079591,True
클렌저/스크럽,2302079162,2,스킨케어,2302079070,False
폼/젤,2302079168,3,클렌저/스크럽,2302079162,True
오일/워터/밤,2302079167,3,클렌저/스크럽,2302079162,True
아이/립 리무버,2302079166,3,클렌저/스크럽,2302079162,True
페이셜 솝,2302079169,3,클렌저/스크럽,2302079162,True
스크럽/필링,2302079170,3,클렌저/스크럽,2302079162,True
티슈,2302079171,3,클렌저/스크럽,2302079162,True
기타,2302080625,3,클렌저/스크럽,2302079162,True
선케어,2302079590,2,스킨케어,2302079070,True
기타,2302079592,2,스킨케어,2302079070,False
기타 스킨케어,2302079612,3,기타,2302079592,True
스킨케어 세트,2302079613,3,기타,2302079592,True
메이크업,2302079576,1,뷰티,1806002619,False
페이스 메이크업,2302079630,2,메이크업,2302079576,False
메이크업 베이스,2302079660,3,페이스 메이크업,2302079630,True
파운데이션,2302079657,3,페이스 메이크업,2302079630,True
컨실러,2302079659,3,페이스 메이크업,2302079630,True
파우더/팩트/쿠션,2302079658,3,페이스 메이크업,2302079630,True
립 메이크업,2302079633,2,메이크업,2302079576,False
립스틱,2302079668,3,립 메이크업,2302079633,True
립틴트/립글로스,2302079669,3,립 메이크업,2302079633,True
립케어,2302079670,3,립 메이크업,2302079633,True
아이 메이크업,2302079632,2,메이크업,2302079576,False
마스카라,2302079661,3,아이 메이크업,2302079632,True
아이라이너,2302079662,3,아이 메이크업,2302079632,True
아이브로우,2302079663,3,아이 메이크업,2302079632,True
아이섀도우,2302079664,3,아이 메이크업,2302079632,True
치크/하이라이터/쉐이딩,2302079631,2,메이크업,2302079576,False
블러쉬,2302079665,3,치크/하이라이터/쉐이딩,2302079631,True
하이라이터,2302079666,3,치크/하이라이터/쉐이딩,2302079631,True
쉐이딩/컨투어,2302079667,3,치크/하이라이터/쉐이딩,2302079631,True
네일케어,2302079634,2,메이크업,2302079576,False
네일 폴리쉬,2302079674,3,네일케어,2302079634,True
트리트먼트/오일,2302079675,3,네일케어,2302079634,True
메이크업 소품,2302079635,2,메이크업,2302079576,False
브러쉬/툴,2302079676,3,메이크업 소품,2302079635,True
퍼프,2302079677,3,메이크업 소품,2302079635,True
기타,2303082420,3,메이크업 소품,2302079635,True
기타,2302079636,2,메이크업,2302079576,True
바디케어,2302079639,1,뷰티,1806002619,False
워시/스크럽,2302079700,2,바디케어,2302079639,False
워시/젤,2302079706,3,워시/스크럽,2302079700,True
스크럽,2302079707,3,워시/스크럽,2302079700,True
비누/솝,2302079708,3,워시/스크럽,2302079700,True
로션/크림/오일,2302079701,2,바디케어,2302079639,False
로션/크림,2302079709,3,로션/크림/오일,2302079701,True
오일,2302079710,3,로션/크림/오일,2302079701,True
미스트,2302079711,3,로션/크림/오일,2302079701,True
입욕제,2302079702,2,바디케어,2302079639,True
핸드/풋케어,2302079703,2,바디케어,2302079639,False
핸드크림,2302079715,3,핸드/풋케어,2302079703,True
핸드워시,2302079714,3,핸드/풋케어,2302079703,True
풋케어,2302079713,3,핸드/풋케어,2302079703,True
넥/바스트케어,2302079704,2,바디케어,2302079639,True
기타,2302079705,2,바디케어,2302079639,False
바디케어 세트,2302079716,3,기타,2302079705,True
핸드케어 세트,2302079717,3,기타,2302079705,True
기타 바디케어,2302079718,3,기타,2302079705,True
헤어케어,2302079638,1,뷰티,1806002619,False
샴푸/컨디셔너,2302079678,2,헤어케어,2302079638,False
샴푸,2302079684,3,샴푸/컨디셔너,2302079678,True
컨디셔너,2302079685,3,샴푸/컨디셔너,2302079678,True
트리트먼트/팩,2302079679,2,헤어케어,2302079638,False
트리트먼트,2302079687,3,트리트먼트/팩,2302079679,True
마스크 팩,2302079688,3,트리트먼트/팩,2302079679,True
에센스/오일/미스트,2302079680,2,헤어케어,2302079638,False
에센스,2302079689,3,에센스/오일/미스트,2302079680,True
오일,2302079690,3,에센스/오일/미스트,2302079680,True
미스트/퍼퓸,2302079691,3,에센스/오일/미스트,2302079680,True
스케일링/클리닉,2302079683,2,헤어케어,2302079638,False
스케일링,2302079698,3,스케일링/클리닉,2302079683,True
헤어토닉,2302079699,3,스케일링/클리닉,2302079683,True
스타일링,2302079681,2,헤어케어,2302079638,False
크림,2302079692,3,스타일링,2302079681,True
스프레이,2302079693,3,스타일링,2302079681,True
왁스,2302079694,3,스타일링,2302079681,True
기타,2302079682,2,헤어케어,2302079638,False
헤어케어 세트,2302079695,3,기타,2302079682,True
기타 헤어케어,2302079697,3,기타,2302079682,True
맨즈케어,2302079637,1,뷰티,1806002619,False
클렌징/쉐이빙,2302079645,2,맨즈케어,2302079637,True
스킨케어,2302079644,2,맨즈케어,2302079637,True
메이크업,2302079643,2,맨즈케어,2302079637,True
헤어/바디케어,2302079646,2,맨즈케어,2302079637,True
선케어,2302079647,2,맨즈케어,2302079637,True
기타,2302079648,2,맨즈케어,2302079637,True
맘/베이비,2302079640,1,뷰티,1806002619,False
맘케어,2302079719,2,맘/베이비,2302079640,False
크림/오일,2302079722,3,맘케어,2302079719,True
베이비케어,2302079720,2,맘/베이비,2302079640,False
스킨/바디케어,2302079725,3,베이비케어,2302079720,True
선케어,2302079726,3,베이비케어,2302079720,True
헤어케어,2302079724,3,베이비케어,2302079720,True
기타,2302079721,2,맘/베이비,2302079640,True
홈 프래그런스,2303082314,1,뷰티,1806002619,False
캔들,2303082319,2,홈 프래그런스,2303082314,True
디퓨저,2303082320,2,홈 프래그런스,2303082314,True
방향제,2303082321,2,홈 프래그런스,2303082314,True
룸스프레이,2303082322,2,홈 프래그런스,2303082314,True
기타,2303082323,2,홈 프래그런스,2303082314,True
뷰티소품/기기,2302079649,1,뷰티,1806002619,False
페이셜케어,2302079651,2,뷰티소품/기기,2302079649,False
페이셜 소품,2303082606,3,페이셜케어,2302079651,True
페이셜 디바이스,2303082607,3,페이셜케어,2302079651,True
기타,2303082608,3,페이셜케어,2302079651,True
메이크업,2302079652,2,뷰티소품/기기,2302079649,False
브러쉬/툴,2303082609,3,메이크업,2302079652,True
퍼프류,2303082610,3,메이크업,2302079652,True
메이크업 디바이스,2303082611,3,메이크업,2302079652,True
기타,2303082612,3,메이크업,2302079652,True
바디케어,2302079654,2,뷰티소품/기기,2302079649,False
마사지 툴,2303082613,3,바디케어,2302079654,True
바디 디바이스,2303082614,3,바디케어,2302079654,True
기타,2303082615,3,바디케어,2302079654,True
헤어케어,2302079653,2,뷰티소품/기기,2302079649,False
브러쉬,2303082616,3,헤어케어,2302079653,True
헤어 소품,2303082617,3,헤어케어,2302079653,True
헤어 악세서리,2303082618,3,헤어케어,2302079653,True
헤어 디바이스,2303082619,3,헤어케어,2302079653,True
기타,2303082620,3,헤어케어,2302079653,True
네일케어,2302079655,2,뷰티소품/기기,2302079649,False
네일 디바이스,2303082622,3,네일케어,2302079655,True
기타,2302079656,2,뷰티소품/기기,2302079649,True
이너뷰티,2302079642,1,뷰티,1806002619,False
건강식품,2302079735,2,이너뷰티,2302079642,False
영양제,2302079742,3,건강식품,2302079735,True
비타민,2302079743,3,건강식품,2302079735,True
유산균,2302079744,3,건강식품,2302079735,True
다이어트/보조제,2302079736,2,이너뷰티,2302079642,True
기타,2302079737,2,이너뷰티,2302079642,True
라이프케어,2302079641,1,뷰티,1806002619,False
덴탈케어,2302079728,2,라이프케어,2302079641,False
치약,2302079732,3,덴탈케어,2302079728,True
칫솔/치실,2302079733,3,덴탈케어,2302079728,True
구강청결,2302079734,3,덴탈케어,2302079728,True
위생용품,2302079729,2,라이프케어,2302079641,False
생리대,2303082626,3,위생용품,2302079729,True
청결제,2303082627,3,위생용품,2302079729,True
반려용품/식품,2302079727,2,라이프케어,2302079641,True
기타,2302079731,2,라이프케어,2302079641,True
전체,2303081535,1,여성의류,2303081535,True
아우터,2303081537,1,여성의류,2303081535,False
자켓,2303081555,2,아우터,2303081537,False
블레이저/테일러드,2303081562,3,자켓,2303081555,True
블루종/봄버,2303081563,3,자켓,2303081555,True
데님,2303081564,3,자켓,2303081555,True
레더/바이커,2303081565,3,자켓,2303081555,True
크롭드/트위드,2303081566,3,자켓,2303081555,True
기타,2303081567,3,자켓,2303081555,True
점퍼,2303081556,2,아우터,2303081537,False
사파리/야상,2303081822,3,점퍼,2303081556,True
바람막이/아노락,2303081821,3,점퍼,2303081556,True
캐주얼/기타,2303081820,3,점퍼,2303081556,True
베스트,2303081557,2,아우터,2303081537,True
코트,2303081558,2,아우터,2303081537,False
맥/트렌치,2303081841,3,코트,2303081558,True
H라인/오버핏,2303081840,3,코트,2303081558,True
벨티드/케이프,2303081839,3,코트,2303081558,True
더블/피코트,2303081838,3,코트,2303081558,True
다운/패딩,2303081559,2,아우터,2303081537,False
퀼팅/경량,2303081568,3,다운/패딩,2303081559,True
롱/헤비,2303081569,3,다운/패딩,2303081559,True
숏/미디,2303081570,3,다운/패딩,2303081559,True
베스트,2303081571,3,다운/패딩,2303081559,True
기능성,2303081572,3,다운/패딩,2303081559,True
퍼/무스탕,2303081560,2,아우터,2303081537,False
리얼퍼,2303081843,3,퍼/무스탕,2303081560,True
기타,2303081842,3,퍼/무스탕,2303081560,True
드레스/점프수트,2303081545,1,여성의류,2303081535,False
롱슬리브,2303081877,2,드레스/점프수트,2303081545,True
숏슬리브,2303081876,2,드레스/점프수트,2303081545,True
슬리브리스,2303081875,2,드레스/점프수트,2303081545,True
점프수트/오버롤,2303081878,2,드레스/점프수트,2303081545,True
블라우스/셔츠,2303081540,1,여성의류,2303081535,False
롱슬리브,2303081852,2,블라우스/셔츠,2303081540,True
숏슬리브,2303081851,2,블라우스/셔츠,2303081540,True
슬리브리스,2303081850,2,블라우스/셔츠,2303081540,True
티셔츠,2303081541,1,여성의류,2303081535,False
롱슬리브,2303081856,2,티셔츠,2303081541,True
숏슬리브,2303081855,2,티셔츠,2303081541,True
슬리브리스,2303081854,2,티셔츠,2303081541,True
카라형/폴로,2303081853,2,티셔츠,2303081541,True
맨투맨/후디,2303081542,1,여성의류,2303081535,False
맨투맨,2303081859,2,맨투맨/후디,2303081542,True
후디,2303081858,2,맨투맨/후디,2303081542,True
집업,2303081857,2,맨투맨/후디,2303081542,True
니트,2303081539,1,여성의류,2303081535,False
가디건/집업,2303081576,2,니트,2303081539,False
가디건,2303082897,3,가디건/집업,2303081576,True
집업,2303082896,3,가디건/집업,2303081576,True
풀오버,2303081577,2,니트,2303081539,False
라운드/V넥,2303082917,3,풀오버,2303081577,True
카라형/폴로,2303081581,3,풀오버,2303081577,True
터틀넥,2303081582,3,풀오버,2303081577,True
기타,2303082916,3,풀오버,2303081577,True
베스트,2303081578,2,니트,2303081539,True
하의,2303081579,2,니트,2303081539,True
원피스,2303081580,2,니트,2303081539,True
세트,2303082644,2,니트,2303081539,True
스커트,2303081546,1,여성의류,2303081535,False
롱/맥시,2303081886,2,스커트,2303081546,True
미디,2303081885,2,스커트,2303081546,True
미니,2303081884,2,스커트,2303081546,True
스웻/밴딩,2303081883,2,스커트,2303081546,True
팬츠,2303081543,1,여성의류,2303081535,False
슬랙스,2303081863,2,팬츠,2303081543,True
조거/트랙/스웻,2303081862,2,팬츠,2303081543,True
치노,2303081861,2,팬츠,2303081543,True
하프/숏,2303081860,2,팬츠,2303081543,True
레깅스,2303082645,2,팬츠,2303081543,True
데님,2303081544,1,여성의류,2303081535,False
스키니,2303081874,2,데님,2303081544,True
슬림/스트레이트,2303081873,2,데님,2303081544,True
와이드,2303081872,2,데님,2303081544,True
배기/조거,2303081871,2,데님,2303081544,True
부츠컷,2303081870,2,데님,2303081544,True
하프/숏,2303081869,2,데님,2303081544,True
원피스,2303081868,2,데님,2303081544,True
스커트,2303081867,2,데님,2303081544,True
수트/셋업,2303081538,1,여성의류,2303081535,False
수트/셋업,2303081573,2,수트/셋업,2303081538,True
상의,2303081574,2,수트/셋업,2303081538,True
하의,2303081575,2,수트/셋업,2303081538,True
라운지/파자마,2303081547,1,여성의류,2303081535,False
로브/가운,2303081910,2,라운지/파자마,2303081547,True
파자마 세트,2303081915,2,라운지/파자마,2303081547,True
파자마 상의,2303081916,2,라운지/파자마,2303081547,True
파자마 하의,2303081914,2,라운지/파자마,2303081547,True
파자마 원피스,2303081913,2,라운지/파자마,2303081547,True
라운지 세트,2303081908,2,라운지/파자마,2303081547,True
라운지 상의,2303081909,2,라운지/파자마,2303081547,True
라운지 하의,2303081907,2,라운지/파자마,2303081547,True
라운지 원피스,2303081906,2,라운지/파자마,2303081547,True
기타,2303081912,2,라운지/파자마,2303081547,True
언더웨어,2303081548,1,여성의류,2303081535,False
세트,2303081922,2,언더웨어,2303081548,True
브라/탑,2303081923,2,언더웨어,2303081548,True
팬티/드로즈,2303081918,2,언더웨어,2303081548,True
기능성/보정,2303081924,2,언더웨어,2303081548,True
슬립/원피스,2303081920,2,언더웨어,2303081548,True
캐미솔,2303081919,2,언더웨어,2303081548,True
속바지/속치마,2303081921,2,언더웨어,2303081548,True
전체,2303081536,1,남성의류,2303081536,True
아우터,2303081698,1,남성의류,2303081536,False
자켓,2303081705,2,아우터,2303081698,False
블레이저/테일러드,2303081712,3,자켓,2303081705,True
블루종/봄버,2303081711,3,자켓,2303081705,True
데님,2303081710,3,자켓,2303081705,True
레더/바이커,2303081709,3,자켓,2303081705,True
기타,2303081708,3,자켓,2303081705,True
점퍼,2303081704,2,아우터,2303081698,False
사파리/야상,2303081715,3,점퍼,2303081704,True
바람막이/아노락,2303081714,3,점퍼,2303081704,True
캐주얼/기타,2303081713,3,점퍼,2303081704,True
베스트,2303081703,2,아우터,2303081698,True
코트,2303081702,2,아우터,2303081698,False
맥/트렌치,2303081719,3,코트,2303081702,True
더플/피코트,2303081718,3,코트,2303081702,True
더블브레스티드,2303081717,3,코트,2303081702,True
다운/패딩,2303081701,2,아우터,2303081698,False
롱/헤비,2303081724,3,다운/패딩,2303081701,True
숏/미디,2303081723,3,다운/패딩,2303081701,True
퀼팅/경량,2303081722,3,다운/패딩,2303081701,True
베스트,2303081721,3,다운/패딩,2303081701,True
기능성,2303081720,3,다운/패딩,2303081701,True
퍼/무스탕,2303081700,2,아우터,2303081698,False
리얼퍼,2303081726,3,퍼/무스탕,2303081700,True
기타,2303081725,3,퍼/무스탕,2303081700,True
수트/셋업,2303081697,1,남성의류,2303081536,False
수트/셋업,2303081730,2,수트/셋업,2303081697,True
자켓,2303081729,2,수트/셋업,2303081697,True
베스트,2303081728,2,수트/셋업,2303081697,True
팬츠,2303081727,2,수트/셋업,2303081697,True
니트,2303081696,1,남성의류,2303081536,False
가디건/집업,2303081734,2,니트,2303081696,False
가디건,2303082903,3,가디건/집업,2303081734,True
집업,2303082902,3,가디건/집업,2303081734,True
풀오버,2303081733,2,니트,2303081696,False
라운드/V넥,2303081736,3,풀오버,2303081733,True
카라형/폴로,2303081735,3,풀오버,2303081733,True
터틀넥,2303082907,3,풀오버,2303081733,True
기타,2303082906,3,풀오버,2303081733,True
베스트,2303081732,2,니트,2303081696,True
하의,2303081731,2,니트,2303081696,True
셔츠,2303081695,1,남성의류,2303081536,False
캐주얼 롱슬리브,2303081741,2,셔츠,2303081695,True
캐주얼 숏슬리브,2303081740,2,셔츠,2303081695,True
포멀 롱슬리브,2303081739,2,셔츠,2303081695,True
포멀 숏슬리브,2303081738,2,셔츠,2303081695,True
슬리브리스,2303081737,2,셔츠,2303081695,True
티셔츠,2303081694,1,남성의류,2303081536,False
롱슬리브,2303081745,2,티셔츠,2303081694,True
숏슬리브,2303081744,2,티셔츠,2303081694,True
슬리브리스,2303081742,2,티셔츠,2303081694,True
카라형/폴로,2303081743,2,티셔츠,2303081694,True
맨투맨/후디,2303081689,1,남성의류,2303081536,False
맨투맨,2303081748,2,맨투맨/후디,2303081689,True
후디,2303081747,2,맨투맨/후디,2303081689,True
집업,2303081746,2,맨투맨/후디,2303081689,True
팬츠,2303081690,1,남성의류,2303081536,False
슬랙스,2303081753,2,팬츠,2303081690,True
치노,2303081752,2,팬츠,2303081690,True
하프/숏,2303081751,2,팬츠,2303081690,True
조거/트랙/스웻,2303081750,2,팬츠,2303081690,True
레깅스,2303081749,2,팬츠,2303081690,True
데님,2303081691,1,남성의류,2303081536,False
스키니,2303081764,2,데님,2303081691,True
슬림/스트레이트,2303081763,2,데님,2303081691,True
와이드,2303081762,2,데님,2303081691,True
배기/조거,2303081761,2,데님,2303081691,True
하프/숏,2303081759,2,데님,2303081691,True
라운지/파자마,2303081692,1,남성의류,2303081536,False
로브/가운,2303081772,2,라운지/파자마,2303081692,True
라운지 상의,2303081771,2,라운지/파자마,2303081692,True
라운지 세트,2303081770,2,라운지/파자마,2303081692,True
라운지 하의,2303081769,2,라운지/파자마,2303081692,True
파자마 상의,2303081768,2,라운지/파자마,2303081692,True
파자마 세트,2303081767,2,라운지/파자마,2303081692,True
파자마 하의,2303081766,2,라운지/파자마,2303081692,True
기타,2303081765,2,라운지/파자마,2303081692,True
언더웨어,2303081693,1,남성의류,2303081536,False
기능성,2303081792,2,언더웨어,2303081693,True
드로즈,2303081791,2,언더웨어,2303081693,True
런닝,2303081790,2,언더웨어,2303081693,True
브리프,2303081789,2,언더웨어,2303081693,True
세트,2303081788,2,언더웨어,2303081693,True
트렁크,2303081787,2,언더웨어,2303081693,True
전체,2303081811,1,백,2303081811,True
여성 가방,2303081985,1,백,2303081811,False
토트백,2303081996,2,여성 가방,2303081985,True
숄더백,2303081995,2,여성 가방,2303081985,True
미니백,2303081994,2,여성 가방,2303081985,True
크로스백,2303081993,2,여성 가방,2303081985,True
클러치/파우치,2303081992,2,여성 가방,2303081985,True
메신저백/벨트백,2303081991,2,여성 가방,2303081985,True
백팩,2303081990,2,여성 가방,2303081985,True
캔버스/에코백,2303081989,2,여성 가방,2303081985,True
캐리어/트래블백,2303081988,2,여성 가방,2303081985,True
기타,2303081987,2,여성 가방,2303081985,True
남성 가방,2303081984,1,백,2303081811,False
백팩,2303082010,2,남성 가방,2303081984,True
메신저백/크로스백/슬링백,2303082009,2,남성 가방,2303081984,True
브리프케이스/클러치,2303082008,2,남성 가방,2303081984,True
토트백/쇼퍼백/에코백,2303082007,2,남성 가방,2303081984,True
캐리어/트래블백,2303082006,2,남성 가방,2303081984,True
기타,2303082005,2,남성 가방,2303081984,True
전체,2303081795,1,슈즈,2303081795,True
여성 슈즈,2303081797,1,슈즈,2303081795,False
펌프스/힐,2303081798,2,여성 슈즈,2303081797,True
플랫/로퍼,2303081799,2,여성 슈즈,2303081797,True
부츠/워커/레인부츠,2303081800,2,여성 슈즈,2303081797,True
샌들,2303081801,2,여성 슈즈,2303081797,True
슬리퍼/뮬,2303081802,2,여성 슈즈,2303081797,True
스니커즈/슬립온,2303081803,2,여성 슈즈,2303081797,True
남성 슈즈,2303081796,1,슈즈,2303081795,False
구두,2303081810,2,남성 슈즈,2303081796,True
로퍼/드라이빙슈즈,2303081809,2,남성 슈즈,2303081796,True
워커/부츠,2303081808,2,남성 슈즈,2303081796,True
샌들/슬리퍼,2303081807,2,남성 슈즈,2303081796,True
스니커즈/슬립온,2303081806,2,남성 슈즈,2303081796,True
전체,2303082022,1,액세서리,2303082022,True
여성 액세서리,2303082075,1,액세서리,2303082022,False
스카프/머플러/숄,2303082101,2,여성 액세서리,2303082075,True
장갑,2303082100,2,여성 액세서리,2303082075,True
퍼 아이템,2303082099,2,여성 액세서리,2303082075,True
벨트,2303082098,2,여성 액세서리,2303082075,True
양말/레깅스/스타킹,2303082097,2,여성 액세서리,2303082075,True
헤어 액세서리,2303082096,2,여성 액세서리,2303082075,True
모자,2303082095,2,여성 액세서리,2303082075,True
키링/참,2303082094,2,여성 액세서리,2303082075,True
기타 액세서리,2303082093,2,여성 액세서리,2303082075,True
남성 액세서리,2303082074,1,액세서리,2303082022,False
벨트/서스펜더,2303082119,2,남성 액세서리,2303082074,True
넥타이/행커칩/보타이,2303082118,2,남성 액세서리,2303082074,True
스카프/머플러,2303082117,2,남성 액세서리,2303082074,True
모자,2303082116,2,남성 액세서리,2303082074,True
장갑,2303082115,2,남성 액세서리,2303082074,True
양말/스포츠 양말/기타 액세서리,2303082114,2,남성 액세서리,2303082074,True
여성 지갑,2303082073,1,액세서리,2303082022,False
반지갑/카드지갑,2303082127,2,여성 지갑,2303082073,True
중지갑/장지갑,2303082126,2,여성 지갑,2303082073,True
동전지갑/파우치,2303082125,2,여성 지갑,2303082073,True
키홀더/여권지갑,2303082124,2,여성 지갑,2303082073,True
남성 지갑,2303082072,1,액세서리,2303082022,False
머니클립,2303082156,2,남성 지갑,2303082072,True
반지갑/카드지갑,2303082155,2,남성 지갑,2303082072,True
중지갑/장지갑,2303082154,2,남성 지갑,2303082072,True
키홀더/여권지갑,2303082153,2,남성 지갑,2303082072,True
아이웨어,2303082071,1,액세서리,2303082022,False
안경/안경테,2303082173,2,아이웨어,2303082071,True
선글라스,2303082174,2,아이웨어,2303082071,True
고글/스포츠 선글라스,2303082175,2,아이웨어,2303082071,True
케이스/기타,2303082176,2,아이웨어,2303082071,True
와치,2303082070,1,액세서리,2303082022,False
프리미엄,2303082207,2,와치,2303082070,True
여성,2303082205,2,와치,2303082070,True
남성,2303082204,2,와치,2303082070,True
공용,2303082203,2,와치,2303082070,True
스포츠/기능성 시계,2303082202,2,와치,2303082070,True
스마트워치,2303082201,2,와치,2303082070,True
워치와인더,2303082199,2,와치,2303082070,True
쥬얼리,2303082069,1,액세서리,2303082022,False
순금,2303082229,2,쥬얼리,2303082069,False
골드바,2303082259,3,순금,2303082229,True
돌선물/돌반지,2303082258,3,순금,2303082229,True
24K 팔찌,2303082257,3,순금,2303082229,True
24K 목걸이,2303082256,3,순금,2303082229,True
24K 귀걸이,2303082255,3,순금,2303082229,True
24K 반지,2303082254,3,순금,2303082229,True
기타 순금제품,2303082252,3,순금,2303082229,True
목걸이/펜던트,2303082228,2,쥬얼리,2303082069,False
다이아몬드 목걸이,2303082282,3,목걸이/펜던트,2303082228,True
14/18K 목걸이,2303082281,3,목걸이/펜던트,2303082228,True
10K 목걸이,2303082280,3,목걸이/펜던트,2303082228,True
진주/원석 목걸이,2303082279,3,목걸이/펜던트,2303082228,True
실버 목걸이,2303082278,3,목걸이/펜던트,2303082228,True
패션 목걸이,2303082277,3,목걸이/펜던트,2303082228,True
펜던트,2303082276,3,목걸이/펜던트,2303082228,True
팔찌,2303082227,2,쥬얼리,2303082069,False
다이아몬드 팔찌,2303082305,3,팔찌,2303082227,True
14/18K 팔찌,2303082304,3,팔찌,2303082227,True
진주/원석 팔찌,2303082302,3,팔찌,2303082227,True
실버 팔찌,2303082301,3,팔찌,2303082227,True
패션 팔찌,2303082300,3,팔찌,2303082227,True
참,2303082299,3,팔찌,2303082227,True
발찌,2303082226,2,쥬얼리,2303082069,False
14/18K 발찌,2303082318,3,발찌,2303082226,True
실버 발찌,2303082316,3,발찌,2303082226,True
패션 발찌,2303082315,3,발찌,2303082226,True
귀걸이,2303082225,2,쥬얼리,2303082069,False
다이아몬드 귀걸이,2303082330,3,귀걸이,2303082225,True
14/18K 귀걸이,2303082329,3,귀걸이,2303082225,True
진주/원석 귀걸이,2303082327,3,귀걸이,2303082225,True
실버 귀걸이,2303082326,3,귀걸이,2303082225,True
패션 귀걸이,2303082325,3,귀걸이,2303082225,True
피어싱,2303082324,3,귀걸이,2303082225,True
반지,2303082224,2,쥬얼리,2303082069,False
다이아몬드 반지,2303082354,3,반지,2303082224,True
14/18K 반지,2303082353,3,반지,2303082224,True
진주/원석 반지,2303082351,3,반지,2303082224,True
실버 반지,2303082350,3,반지,2303082224,True
패션 반지,2303082349,3,반지,2303082224,True
쥬얼리 세트,2303082223,2,쥬얼리,2303082069,False
다이아몬드 세트,2303082377,3,쥬얼리 세트,2303082223,True
14/18K 세트,2303082376,3,쥬얼리 세트,2303082223,True
진주/원석 세트,2303082374,3,쥬얼리 세트,2303082223,True
실버 세트,2303082373,3,쥬얼리 세트,2303082223,True
패션 쥬얼리 세트,2303082372,3,쥬얼리 세트,2303082223,True
쥬얼리함,2303082371,3,쥬얼리 세트,2303082223,True
기타,2303082370,3,쥬얼리 세트,2303082223,True
남성 쥬얼리,2303082222,2,쥬얼리,2303082069,False
남성 반지,2303082391,3,남성 쥬얼리,2303082222,True
남성 목걸이,2303082390,3,남성 쥬얼리,2303082222,True
남성 팔찌,2303082389,3,남성 쥬얼리,2303082222,True
남성 귀걸이,2303082388,3,남성 쥬얼리,2303082222,True
기타,2303082221,2,쥬얼리,2303082069,True
전체,2303081986,1,스포츠/레저,2303081986,True
캠핑/아웃도어,2303082004,1,스포츠/레저,2303081986,False
남성의류,2303082029,2,캠핑/아웃도어,2303082004,False
아우터,2303082036,3,남성의류,2303082029,True
상의,2303082035,3,남성의류,2303082029,True
하의,2303082034,3,남성의류,2303082029,True
여성의류,2303082028,2,캠핑/아웃도어,2303082004,False
아우터,2303082043,3,여성의류,2303082028,True
상의,2303082042,3,여성의류,2303082028,True
하의,2303082041,3,여성의류,2303082028,True
모자,2303082027,2,캠핑/아웃도어,2303082004,True
양말/레깅스,2303082026,2,캠핑/아웃도어,2303082004,True
장갑,2303082025,2,캠핑/아웃도어,2303082004,True
기타 액세서리,2303082024,2,캠핑/아웃도어,2303082004,True
등산장비/용품,2303082023,2,캠핑/아웃도어,2303082004,False
배낭류,2303082061,3,등산장비/용품,2303082023,True
기타 가방류,2303082060,3,등산장비/용품,2303082023,True
남성용 등산/트레킹화,2303082059,3,등산장비/용품,2303082023,True
여성용 등산/트레킹화,2303082058,3,등산장비/용품,2303082023,True
텐트/타프,2303082087,3,등산장비/용품,2303082023,True
침낭/매트,2303082086,3,등산장비/용품,2303082023,True
테이블/체어,2303082085,3,등산장비/용품,2303082023,True
수납/정리,2303082084,3,등산장비/용품,2303082023,True
조명/랜턴,2303082083,3,등산장비/용품,2303082023,True
키친/테이블웨어,2303082082,3,등산장비/용품,2303082023,True
스토브/바비큐/화로대,2303082081,3,등산장비/용품,2303082023,True
텀블러/아이스박스,2303082080,3,등산장비/용품,2303082023,True
기타,2303082079,3,등산장비/용품,2303082023,True
러닝/사이클,2303082003,1,스포츠/레저,2303081986,False
남성의류,2303082092,2,러닝/사이클,2303082003,False
아우터,2303082104,3,남성의류,2303082092,True
상의,2303082103,3,남성의류,2303082092,True
하의,2303082102,3,남성의류,2303082092,True
여성의류,2303082091,2,러닝/사이클,2303082003,False
아우터,2303082107,3,여성의류,2303082091,True
상의,2303082106,3,여성의류,2303082091,True
하의,2303082105,3,여성의류,2303082091,True
러닝화,2303082090,2,러닝/사이클,2303082003,False
남성용,2303082109,3,러닝화,2303082090,True
여성용,2303082108,3,러닝화,2303082090,True
자전거,2303082089,2,러닝/사이클,2303082003,False
어린이 자전거,2303082112,3,자전거,2303082089,True
유아 자전거,2303082111,3,자전거,2303082089,True
기타,2303082110,3,자전거,2303082089,True
장비/용품,2303082088,2,러닝/사이클,2303082003,False
헬멧/보호장비,2303082123,3,장비/용품,2303082088,True
장갑/양말,2303082122,3,장비/용품,2303082088,True
기타용품,2303082121,3,장비/용품,2303082088,True
요가/실내운동,2303082002,1,스포츠/레저,2303081986,False
남성의류,2303082130,2,요가/실내운동,2303082002,False
아우터,2303082159,3,남성의류,2303082130,True
상의,2303082158,3,남성의류,2303082130,True
하의,2303082157,3,남성의류,2303082130,True
여성의류,2303082129,2,요가/실내운동,2303082002,False
아우터,2303082170,3,여성의류,2303082129,True
상의,2303082171,3,여성의류,2303082129,True
하의,2303082172,3,여성의류,2303082129,True
액세서리/용품,2303082128,2,요가/실내운동,2303082002,False
가방/파우치,2303082194,3,액세서리/용품,2303082128,True
기타 액세서리,2303082193,3,액세서리/용품,2303082128,True
매트/폼롤러/짐볼,2303082192,3,액세서리/용품,2303082128,True
밴드/링/마사지볼,2303082191,3,액세서리/용품,2303082128,True
기타용품,2303082190,3,액세서리/용품,2303082128,True
헬스/기구운동,2303082001,1,스포츠/레저,2303081986,False
웨이트트레이닝,2303082143,2,헬스/기구운동,2303082001,True
워킹/러닝머신,2303082142,2,헬스/기구운동,2303082001,True
사이클/실내자전거,2303082141,2,헬스/기구운동,2303082001,True
필라테스/스트레칭,2303082140,2,헬스/기구운동,2303082001,True
기타 헬스용품,2303082139,2,헬스/기구운동,2303082001,True
수영,2303082000,1,스포츠/레저,2303081986,False
남성 스윔웨어,2303082210,2,수영,2303082000,False
수영복,2303082263,3,남성 스윔웨어,2303082210,True
래쉬가드/비치웨어,2303082262,3,남성 스윔웨어,2303082210,True
여성 스윔웨어,2303082209,2,수영,2303082000,False
비키니/모노키니,2303082275,3,여성 스윔웨어,2303082209,True
원피스 수영복,2303082274,3,여성 스윔웨어,2303082209,True
래쉬가드/비치웨어,2303082273,3,여성 스윔웨어,2303082209,True
액세서리/용품,2303082208,2,수영,2303082000,True
테니스,2303081999,1,스포츠/레저,2303081986,False
남성의류,2303082232,2,테니스,2303081999,False
아우터,2303082293,3,남성의류,2303082232,True
상의,2303082292,3,남성의류,2303082232,True
하의,2303082291,3,남성의류,2303082232,True
여성의류,2303082231,2,테니스,2303081999,False
아우터,2303082309,3,여성의류,2303082231,True
상의,2303082308,3,여성의류,2303082231,True
원피스/스커트,2303082307,3,여성의류,2303082231,True
팬츠/레깅스,2303082306,3,여성의류,2303082231,True
액세서리,2303082230,2,테니스,2303081999,True
장비/용품,2303082233,2,테니스,2303081999,True
스키,2303081998,1,스포츠/레저,2303081986,False
남성의류,2303082235,2,스키,2303081998,False
아우터,2310107390,3,남성의류,2303082235,True
상의,2310107391,3,남성의류,2303082235,True
하의,2310107392,3,남성의류,2303082235,True
여성의류,2303082234,2,스키,2303081998,False
아우터,2310107395,3,여성의류,2303082234,True
상의,2310107394,3,여성의류,2303082234,True
하의,2310107393,3,여성의류,2303082234,True
액세서리/용품,2303082236,2,스키,2303081998,True
전체,2201046639,1,골프,2201046639,True
남성 골프웨어,2201046843,1,골프,2201046639,False
아우터,2201046925,2,남성 골프웨어,2201046843,False
다운/패딩,2205055572,3,아우터,2201046925,True
자켓/점퍼,2205055573,3,아우터,2201046925,True
베스트,2205055571,3,아우터,2201046925,True
아노락,2303083112,3,아우터,2201046925,True
니트,2201046926,2,남성 골프웨어,2201046843,False
가디건/집업,2205055575,3,니트,2201046926,True
카라형/라운드·V넥,2205055576,3,니트,2201046926,True
베스트,2205055577,3,니트,2201046926,True
폴라/하프넥/반집업,2205055578,3,니트,2201046926,True
티셔츠,2205055660,2,남성 골프웨어,2201046843,False
카라/폴로형,2205055661,3,티셔츠,2205055660,True
라운드/풀오버,2205055662,3,티셔츠,2205055660,True
스웻/후디,2303083113,3,티셔츠,2205055660,True
기타,2303083114,3,티셔츠,2205055660,True
팬츠,2201046927,2,남성 골프웨어,2201046843,False
긴바지,2205055582,3,팬츠,2201046927,True
반바지,2205055583,3,팬츠,2201046927,True
기타,2205055584,3,팬츠,2201046927,True
여성 골프웨어,2201046844,1,골프,2201046639,False
아우터,2201046928,2,여성 골프웨어,2201046844,False
다운/패딩,2205055666,3,아우터,2201046928,True
자켓/점퍼,2205055667,3,아우터,2201046928,True
베스트,2205055668,3,아우터,2201046928,True
아노락,2303083115,3,아우터,2201046928,True
니트,2201046929,2,여성 골프웨어,2201046844,False
가디건/집업,2205055585,3,니트,2201046929,True
카라형/라운드·V넥,2205055586,3,니트,2201046929,True
베스트,2205055587,3,니트,2201046929,True
폴라/하프넥/반집업,2205055669,3,니트,2201046929,True
티셔츠,2201046930,2,여성 골프웨어,2201046844,False
카라/폴로형,2205055593,3,티셔츠,2201046930,True
라운드/풀오버,2205055594,3,티셔츠,2201046930,True
스웻/후디,2303083120,3,티셔츠,2201046930,True
기타,2303083121,3,티셔츠,2201046930,True
팬츠,2201046931,2,여성 골프웨어,2201046844,False
긴바지,2205055603,3,팬츠,2201046931,True
반바지,2205055604,3,팬츠,2201046931,True
기타,2205055605,3,팬츠,2201046931,True
스커트,2205055664,2,여성 골프웨어,2201046844,True
원피스,2205055665,2,여성 골프웨어,2201046844,True
골프클럽,2201046847,1,골프,2201046639,False
드라이버,2201046945,2,골프클럽,2201046847,True
우드,2201046946,2,골프클럽,2201046847,True
유틸리티,2201046947,2,골프클럽,2201046847,True
아이언,2201046948,2,골프클럽,2201046847,True
웨지,2201046949,2,골프클럽,2201046847,True
퍼터,2201046950,2,골프클럽,2201046847,True
풀세트,2201046951,2,골프클럽,2201046847,True
여성 골프슈즈,2303081583,1,골프,2201046639,False
골프화,2303081587,2,여성 골프슈즈,2303081583,True
스니커즈,2303081588,2,여성 골프슈즈,2303081583,True
남성 골프슈즈,2303081584,1,골프,2201046639,False
골프화,2303083108,2,남성 골프슈즈,2303081584,True
스니커즈,2303083109,2,남성 골프슈즈,2303081584,True
골프 액세서리,2303081585,1,골프,2201046639,False
모자,2303083071,2,골프 액세서리,2303081585,False
캡,2303083082,3,모자,2303083071,True
바이저,2303083083,3,모자,2303083071,True
버킷햇,2303083084,3,모자,2303083071,True
퍼/니트모자,2303083085,3,모자,2303083071,True
장갑,2303083072,2,골프 액세서리,2303081585,False
남성용,2303083087,3,장갑,2303083072,True
여성용,2303083088,3,장갑,2303083072,True
벨트,2303083073,2,골프 액세서리,2303081585,False
남성용,2303083089,3,벨트,2303083073,True
여성용,2303083090,3,벨트,2303083073,True
스카프/워머,2303083074,2,골프 액세서리,2303081585,False
스카프,2303083096,3,스카프/워머,2303083074,True
넥 워머,2303083097,3,스카프/워머,2303083074,True
이어 워머,2303083098,3,스카프/워머,2303083074,True
양말/니삭스,2303083075,2,골프 액세서리,2303081585,False
양말,2303083099,3,양말/니삭스,2303083075,True
니삭스,2303083100,3,양말/니삭스,2303083075,True
안경/선그라스,2303083076,2,골프 액세서리,2303081585,True
골프공,2303083077,2,골프 액세서리,2303081585,True
볼마커/티,2303083078,2,골프 액세서리,2303081585,True
거리측정기,2303083079,2,골프 액세서리,2303081585,True
커버/케이스류,2303083080,2,골프 액세서리,2303081585,True
기타,2303083081,2,골프 액세서리,2303081585,True
골프백,2303081586,1,골프,2201046639,False
캐디백/스탠드백,2303083102,2,골프백,2303081586,True
보스턴백/트롤리,2303083103,2,골프백,2303081586,True
파우치,2303083104,2,골프백,2303081586,True
기타가방,2303083105,2,골프백,2303081586,True
세트,2303083106,2,골프백,2303081586,True
전체,2303081817,1,키즈,2303081817,True
신생아 (0-12개월),2303081901,1,키즈,2303081817,False
우주복/바디슈트/세트,2303081983,2,신생아 (0-12개월),2303081901,True
모자/헤어밴드,2303081981,2,신생아 (0-12개월),2303081901,True
턱받이/손수건/기타,2303081980,2,신생아 (0-12개월),2303081901,True
베이비 남아 (0-3세),2303081905,1,키즈,2303081817,False
아우터,2303081935,2,베이비 남아 (0-3세),2303081905,False
자켓,2303082033,3,아우터,2303081935,True
점퍼/바람막이,2303082032,3,아우터,2303081935,True
패딩/다운,2303082030,3,아우터,2303081935,True
티셔츠,2303081934,2,베이비 남아 (0-3세),2303081905,False
롱슬리브,2303082040,3,티셔츠,2303081934,True
숏슬리브,2303082039,3,티셔츠,2303081934,True
카라형/폴로,2303082037,3,티셔츠,2303081934,True
맨투맨/후디,2303081933,2,베이비 남아 (0-3세),2303081905,False
맨투맨,2303082046,3,맨투맨/후디,2303081933,True
집업,2303082044,3,맨투맨/후디,2303081933,True
셔츠,2303081932,2,베이비 남아 (0-3세),2303081905,False
긴팔 셔츠,2303082048,3,셔츠,2303081932,True
반팔 셔츠,2303082047,3,셔츠,2303081932,True
니트/가디건/조끼,2303081931,2,베이비 남아 (0-3세),2303081905,False
니트/스웨터,2303082051,3,니트/가디건/조끼,2303081931,True
가디건,2303082050,3,니트/가디건/조끼,2303081931,True
조끼/베스트,2303082049,3,니트/가디건/조끼,2303081931,True
팬츠,2303081930,2,베이비 남아 (0-3세),2303081905,False
조거/트랙/스웻,2303082066,3,팬츠,2303081930,True
레깅스,2303082065,3,팬츠,2303081930,True
캐주얼팬츠,2303082064,3,팬츠,2303081930,True
캐주얼쇼츠,2303082062,3,팬츠,2303081930,True
데님팬츠,2303081929,2,베이비 남아 (0-3세),2303081905,False
롱팬츠,2303082068,3,데님팬츠,2303081929,True
숏팬츠,2303082067,3,데님팬츠,2303081929,True
우주복/바디슈트/점프슈트,2303081928,2,베이비 남아 (0-3세),2303081905,False
우주복,2303082078,3,우주복/바디슈트/점프슈트,2303081928,True
바디슈트,2303082077,3,우주복/바디슈트/점프슈트,2303081928,True
점프슈트/오버롤,2303082076,3,우주복/바디슈트/점프슈트,2303081928,True
상/하의 세트,2303081927,2,베이비 남아 (0-3세),2303081905,True
실내복/잠옷/언더웨어,2303081926,2,베이비 남아 (0-3세),2303081905,False
내의/실내복,2303082369,3,실내복/잠옷/언더웨어,2303081926,True
언더웨어,2303082367,3,실내복/잠옷/언더웨어,2303081926,True
스포츠웨어/수영복,2303082378,2,베이비 남아 (0-3세),2303081905,False
수영복/수영 용품,2303082379,3,스포츠웨어/수영복,2303082378,True
한복/파티복/코스튬,2303081925,2,베이비 남아 (0-3세),2303081905,True
베이비 여아 (0-3세),2303081904,1,키즈,2303081817,False
아우터,2303081947,2,베이비 여아 (0-3세),2303081904,False
자켓,2303082395,3,아우터,2303081947,True
점프/바람막이,2303082394,3,아우터,2303081947,True
패딩/다운,2303082392,3,아우터,2303081947,True
티셔츠,2303081946,2,베이비 여아 (0-3세),2303081904,False
롱슬리브,2303082412,3,티셔츠,2303081946,True
숏슬리브,2303082411,3,티셔츠,2303081946,True
맨투맨/후디,2303081945,2,베이비 여아 (0-3세),2303081904,False
맨투맨,2303082413,3,맨투맨/후디,2303081945,True
블라우스/셔츠,2303081944,2,베이비 여아 (0-3세),2303081904,False
긴팔 블라우스/셔츠,2303082419,3,블라우스/셔츠,2303081944,True
반팔/7부/민소매 블라우스/셔츠,2303082418,3,블라우스/셔츠,2303081944,True
니트/가디건/조끼,2303081943,2,베이비 여아 (0-3세),2303081904,False
가디건,2303082422,3,니트/가디건/조끼,2303081943,True
조끼/베스트,2303082421,3,니트/가디건/조끼,2303081943,True
팬츠,2303081942,2,베이비 여아 (0-3세),2303081904,False
조거/트랙/스웻,2303082434,3,팬츠,2303081942,True
레깅스,2303082433,3,팬츠,2303081942,True
캐주얼팬츠,2303082432,3,팬츠,2303081942,True
캐주얼쇼츠,2303082430,3,팬츠,2303081942,True
데님팬츠,2303081941,2,베이비 여아 (0-3세),2303081904,False
롱팬츠,2303082436,3,데님팬츠,2303081941,True
우주복/바디슈트/점프슈트,2303081940,2,베이비 여아 (0-3세),2303081904,False
우주복,2303082447,3,우주복/바디슈트/점프슈트,2303081940,True
바디슈트,2303082446,3,우주복/바디슈트/점프슈트,2303081940,True
점프슈트/오버롤,2303082445,3,우주복/바디슈트/점프슈트,2303081940,True
원피스/스커트,2303081939,2,베이비 여아 (0-3세),2303081904,False
긴팔 원피스,2303082450,3,원피스/스커트,2303081939,True
반팔/민소매 원피스,2303082449,3,원피스/스커트,2303081939,True
상/하의 세트,2303081938,2,베이비 여아 (0-3세),2303081904,True
실내복/잠옷/언더웨어,2303081937,2,베이비 여아 (0-3세),2303081904,False
내의/실내복,2303082464,3,실내복/잠옷/언더웨어,2303081937,True
스포츠웨어/수영복,2303082385,2,베이비 여아 (0-3세),2303081904,False
수영복/수영 용품,2303082471,3,스포츠웨어/수영복,2303082385,True
한복/파티복/코스튬,2303081936,2,베이비 여아 (0-3세),2303081904,True
남아 (4-16세),2303081903,1,키즈,2303081817,False
아우터,2303081965,2,남아 (4-16세),2303081903,False
자켓,2303082499,3,아우터,2303081965,True
점퍼/바람막이,2303082498,3,아우터,2303081965,True
코트,2303082496,3,아우터,2303081965,True
패딩/다운,2303082495,3,아우터,2303081965,True
티셔츠,2303081964,2,남아 (4-16세),2303081903,False
롱슬리브,2303082503,3,티셔츠,2303081964,True
숏슬리브,2303082502,3,티셔츠,2303081964,True
슬리브리스,2303082501,3,티셔츠,2303081964,True
카라형/폴로,2303082500,3,티셔츠,2303081964,True
맨투맨/후디,2303081963,2,남아 (4-16세),2303081903,False
맨투맨,2303082506,3,맨투맨/후디,2303081963,True
후디,2303082505,3,맨투맨/후디,2303081963,True
집업,2303082504,3,맨투맨/후디,2303081963,True
셔츠,2303081962,2,남아 (4-16세),2303081903,True
니트/가디건/조끼,2303081961,2,남아 (4-16세),2303081903,False
니트/스웨터,2303082509,3,니트/가디건/조끼,2303081961,True
가디건,2303082508,3,니트/가디건/조끼,2303081961,True
조끼/베스트,2303082507,3,니트/가디건/조끼,2303081961,True
팬츠,2303081960,2,남아 (4-16세),2303081903,False
조거/트랙/스웻,2303082515,3,팬츠,2303081960,True
레깅스,2303082514,3,팬츠,2303081960,True
캐주얼팬츠,2303082513,3,팬츠,2303081960,True
스웻쇼츠,2303082512,3,팬츠,2303081960,True
캐주얼쇼츠,2303082511,3,팬츠,2303081960,True
데님팬츠,2303081959,2,남아 (4-16세),2303081903,False
롱팬츠,2303082518,3,데님팬츠,2303081959,True
숏팬츠,2303082517,3,데님팬츠,2303081959,True
상/하의 세트,2303081958,2,남아 (4-16세),2303081903,True
실내복/잠옷/언더웨어,2303081957,2,남아 (4-16세),2303081903,False
잠옷/파자마,2303082527,3,실내복/잠옷/언더웨어,2303081957,True
언더웨어,2303082526,3,실내복/잠옷/언더웨어,2303081957,True
스포츠웨어/수영복,2303081956,2,남아 (4-16세),2303081903,False
스포츠웨어/스포츠용품,2303082530,3,스포츠웨어/수영복,2303081956,True
수영복/수영 용품,2303082529,3,스포츠웨어/수영복,2303081956,True
여아 (4-16세),2303081902,1,키즈,2303081817,False
아우터,2303081979,2,여아 (4-16세),2303081902,False
자켓,2303082563,3,아우터,2303081979,True
점퍼/바람막이,2303082562,3,아우터,2303081979,True
트렌치/사파리,2303082561,3,아우터,2303081979,True
코트,2303082560,3,아우터,2303081979,True
패딩/다운,2303082559,3,아우터,2303081979,True
무스탕/Fur,2303082558,3,아우터,2303081979,True
티셔츠,2303081978,2,여아 (4-16세),2303081902,False
롱슬리브,2303082567,3,티셔츠,2303081978,True
숏슬리브,2303082566,3,티셔츠,2303081978,True
슬리브리스,2303082565,3,티셔츠,2303081978,True
카라형/폴로,2303082564,3,티셔츠,2303081978,True
맨투맨/후디,2303081977,2,여아 (4-16세),2303081902,False
맨투맨,2303082569,3,맨투맨/후디,2303081977,True
후디,2303082570,3,맨투맨/후디,2303081977,True
집업,2303082568,3,맨투맨/후디,2303081977,True
블라우스/셔츠,2303081976,2,여아 (4-16세),2303081902,False
긴팔 블라우스/셔츠,2303082573,3,블라우스/셔츠,2303081976,True
반팔/7부 블라우스/셔츠,2303082572,3,블라우스/셔츠,2303081976,True
민소매 블라우스/셔츠,2303082571,3,블라우스/셔츠,2303081976,True
니트/가디건/조끼,2303081975,2,여아 (4-16세),2303081902,False
니트/스웨터,2303082576,3,니트/가디건/조끼,2303081975,True
가디건,2303082575,3,니트/가디건/조끼,2303081975,True
조끼/베스트,2303082574,3,니트/가디건/조끼,2303081975,True
팬츠,2303081974,2,여아 (4-16세),2303081902,False
조거/트랙/스웻,2303082581,3,팬츠,2303081974,True
레깅스,2303082580,3,팬츠,2303081974,True
캐주얼팬츠,2303082579,3,팬츠,2303081974,True
스웻쇼츠,2303082578,3,팬츠,2303081974,True
캐주얼쇼츠,2303082577,3,팬츠,2303081974,True
데님팬츠,2303081973,2,여아 (4-16세),2303081902,False
롱팬츠,2303082583,3,데님팬츠,2303081973,True
숏팬츠,2303082582,3,데님팬츠,2303081973,True
원피스/스커트/점프슈트,2303081972,2,여아 (4-16세),2303081902,False
긴팔 원피스,2303082587,3,원피스/스커트/점프슈트,2303081972,True
반팔/민소매 원피스,2303082586,3,원피스/스커트/점프슈트,2303081972,True
스커트,2303082585,3,원피스/스커트/점프슈트,2303081972,True
점프슈트/오버롤,2303082584,3,원피스/스커트/점프슈트,2303081972,True
상/하의 세트,2303081971,2,여아 (4-16세),2303081902,True
실내복/잠옷/언더웨어,2303081970,2,여아 (4-16세),2303081902,False
잠옷/파자마,2303082589,3,실내복/잠옷/언더웨어,2303081970,True
언더웨어,2303082588,3,실내복/잠옷/언더웨어,2303081970,True
스포츠웨어/수영복,2303081969,2,여아 (4-16세),2303081902,False
수영복/수영 용품,2303082590,3,스포츠웨어/수영복,2303081969,True
스포츠웨어/스포츠 용품,2303082591,3,스포츠웨어/수영복,2303081969,True
백/슈즈/액세서리,2303081900,1,키즈,2303081817,False
신발,2303082017,2,백/슈즈/액세서리,2303081900,False
운동화/구두,2303082595,3,신발,2303082017,True
샌들/슬리퍼,2303082594,3,신발,2303082017,True
부츠/장화,2303082593,3,신발,2303082017,True
가방/지갑,2303082016,2,백/슈즈/액세서리,2303081900,False
백팩,2303082597,3,가방/지갑,2303082016,True
숄더백/크로스백/토트백,2303082596,3,가방/지갑,2303082016,True
모자/장갑,2303082015,2,백/슈즈/액세서리,2303081900,False
모자,2303082599,3,모자/장갑,2303082015,True
장갑,2303082598,3,모자/장갑,2303082015,True
머플러/목도리,2303082014,2,백/슈즈/액세서리,2303081900,True
헤어 악세서리/선글라스/패션 잡화,2303082013,2,백/슈즈/액세서리,2303081900,False
헤어 악세서리,2303082602,3,헤어 악세서리/선글라스/패션 잡화,2303082013,True
선글라스/안경테,2303082601,3,헤어 악세서리/선글라스/패션 잡화,2303082013,True
시계/목걸이/팔찌/악세서리,2303082600,3,헤어 악세서리/선글라스/패션 잡화,2303082013,True
양말/타이즈,2303082012,2,백/슈즈/액세서리,2303081900,True
기타,2303082011,2,백/슈즈/액세서리,2303081900,True
리빙/토이,2303081899,1,키즈,2303081817,False
목욕/위생용품,2303082020,2,리빙/토이,2303081899,False
스킨/바디케이,2303082603,3,목욕/위생용품,2303082020,True
완구/교구,2303082019,2,리빙/토이,2303081899,False
블록/작동 완구,2303082605,3,완구/교구,2303082019,True
인형,2303082604,3,완구/교구,2303082019,True
식기,2303082018,2,리빙/토이,2303081899,True
기타 용품,2303082021,2,리빙/토이,2303081899,True
전체,2303082120,1,라이프,2303082120,True
디지털/가전,2303082138,1,라이프,2303082120,False
음향/영상가전,2303082152,2,디지털/가전,2303082138,False
이어폰,2303082169,3,음향/영상가전,2303082152,True
헤드폰,2303082168,3,음향/영상가전,2303082152,True
스피커,2303082167,3,음향/영상가전,2303082152,True
턴테이블,2303082166,3,음향/영상가전,2303082152,True
TV/모니터,2303082165,3,음향/영상가전,2303082152,True
마이크,2303082163,3,음향/영상가전,2303082152,True
앰프/리시버,2303082162,3,음향/영상가전,2303082152,True
음향 주변기기,2303082161,3,음향/영상가전,2303082152,True
카메라,2303082151,2,디지털/가전,2303082138,False
디지털카메라,2303082187,3,카메라,2303082151,True
즉석/필름카메라,2303082186,3,카메라,2303082151,True
렌즈/렌즈용품,2303082185,3,카메라,2303082151,True
액션캠/드론,2303082184,3,카메라,2303082151,True
포토 프린터,2303082183,3,카메라,2303082151,True
케이스,2303082181,3,카메라,2303082151,True
기타 카메라 기기,2303082180,3,카메라,2303082151,True
디지털/게임,2303082150,2,디지털/가전,2303082138,False
컴퓨터/노트북,2303082220,3,디지털/게임,2303082150,True
휴대폰,2303082219,3,디지털/게임,2303082150,True
게임기/게임타이틀,2303082217,3,디지털/게임,2303082150,True
마우스/키보드,2303082216,3,디지털/게임,2303082150,True
PC주변기기,2303082215,3,디지털/게임,2303082150,True
스마트워치/밴드,2303082214,3,디지털/게임,2303082150,True
복합기/프린터/스캐너,2303082213,3,디지털/게임,2303082150,True
디지털 액세서리,2303082212,3,디지털/게임,2303082150,True
기타 디지털 기기,2303082211,3,디지털/게임,2303082150,True
주방가전,2303082149,2,디지털/가전,2303082138,False
냉장고/와인셀러,2303082244,3,주방가전,2303082149,True
가스레인지/인덕션,2303082243,3,주방가전,2303082149,True
오븐/전자레인지,2303082242,3,주방가전,2303082149,True
식기세척기/건조기,2303082241,3,주방가전,2303082149,True
커피메이커/머신,2303082240,3,주방가전,2303082149,True
에어프라이어/전기쿠커,2303082239,3,주방가전,2303082149,True
토스터/와플메이커,2303082238,3,주방가전,2303082149,True
전기밥솥,2303082245,3,주방가전,2303082149,True
정수기,2303082246,3,주방가전,2303082149,True
전기포트,2303082247,3,주방가전,2303082149,True
믹서/착즙기,2303082248,3,주방가전,2303082149,True
음식물처리기,2303082249,3,주방가전,2303082149,True
수비드머신/진공포장기,2303082250,3,주방가전,2303082149,True
기타 주방가전,2303082260,3,주방가전,2303082149,True
생활가전,2303082148,2,디지털/가전,2303082138,False
세탁기/건조기,2303082272,3,생활가전,2303082148,True
의류관리기,2303082271,3,생활가전,2303082148,True
청소기,2303082270,3,생활가전,2303082148,True
안마기/안마의자,2303082269,3,생활가전,2303082148,True
다리미/보풀제거기,2303082268,3,생활가전,2303082148,True
전동칫솔/구강세정기,2303082267,3,생활가전,2303082148,True
멀티탭,2303082265,3,생활가전,2303082148,True
기타 생활가전,2303082264,3,생활가전,2303082148,True
공기청정/계절가전,2303082147,2,디지털/가전,2303082138,False
에어컨,2303082290,3,공기청정/계절가전,2303082147,True
공기청정기,2303082289,3,공기청정/계절가전,2303082147,True
가습기,2303082288,3,공기청정/계절가전,2303082147,True
선풍기,2303082287,3,공기청정/계절가전,2303082147,True
제습기,2303082286,3,공기청정/계절가전,2303082147,True
전기히터/온풍기,2303082285,3,공기청정/계절가전,2303082147,True
기타 계절가전,2303082284,3,공기청정/계절가전,2303082147,True
이미용가전,2303082145,2,디지털/가전,2303082138,False
드라이기,2303082298,3,이미용가전,2303082145,True
고데기/매직기,2303082297,3,이미용가전,2303082145,True
면도기,2303082296,3,이미용가전,2303082145,True
제모기,2303082295,3,이미용가전,2303082145,True
기타 이미용가전,2303082294,3,이미용가전,2303082145,True
기타,2303082144,2,디지털/가전,2303082138,True
아트,2303082137,1,라이프,2303082120,False
오리지널 원화,2303082313,2,아트,2303082137,True
아트 에디션,2303082312,2,아트,2303082137,True
아트 포스터,2303082311,2,아트,2303082137,True
아트 굿즈,2303082310,2,아트,2303082137,True
가구,2303082136,1,라이프,2303082120,False
침실 가구,2303082336,2,가구,2303082136,False
침대,2303082341,3,침실 가구,2303082336,True
매트리스/토퍼,2303082340,3,침실 가구,2303082336,True
옷장/드레스룸,2303082339,3,침실 가구,2303082336,True
서랍장/협탁,2303082338,3,침실 가구,2303082336,True
화장대/거울,2303082337,3,침실 가구,2303082336,True
거실 가구,2303082335,2,가구,2303082136,False
소파,2303082348,3,거실 가구,2303082335,True
거실장,2303082347,3,거실 가구,2303082335,True
좌식/티테이블,2303082346,3,거실 가구,2303082335,True
서재 가구,2303082334,2,가구,2303082136,False
책상/세트,2303082358,3,서재 가구,2303082334,True
책장,2303082357,3,서재 가구,2303082334,True
서재의자,2303082356,3,서재 가구,2303082334,True
사무용품,2303082355,3,서재 가구,2303082334,True
주방 가구,2303082333,2,가구,2303082136,False
식탁/세트,2303082361,3,주방 가구,2303082333,True
식탁의자,2303082360,3,주방 가구,2303082333,True
주방 수납장,2303082359,3,주방 가구,2303082333,True
키즈/소형 가구,2303082332,2,가구,2303082136,False
키즈 침대/매트리스,2303082366,3,키즈/소형 가구,2303082332,True
키즈 옷장/서랍장,2303082365,3,키즈/소형 가구,2303082332,True
키즈 책상/의자,2303082364,3,키즈/소형 가구,2303082332,True
키즈 책장,2303082363,3,키즈/소형 가구,2303082332,True
스몰 테이블,2303082362,3,키즈/소형 가구,2303082332,True
조명,2303082135,1,라이프,2303082120,False
펜던트 조명,2303082384,2,조명,2303082135,True
벽조명,2303082383,2,조명,2303082135,True
플로어 조명,2303082382,2,조명,2303082135,True
데스크/포터블 조명,2303082381,2,조명,2303082135,True
무드등/장식조명,2303082380,2,조명,2303082135,True
키친/다이닝,2303082134,1,라이프,2303082120,False
조리도구/도마/칼,2303082408,2,키친/다이닝,2303082134,True
식기,2303082407,2,키친/다이닝,2303082134,True
수저/쟁반/매트,2303082396,2,키친/다이닝,2303082134,True
컵/잔/물병,2303082406,2,키친/다이닝,2303082134,True
디저트/스낵용품,2303082405,2,키친/다이닝,2303082134,True
냄비/솥/팬,2303082404,2,키친/다이닝,2303082134,True
채반/볼,2303082403,2,키친/다이닝,2303082134,True
밀폐용기,2303082402,2,키친/다이닝,2303082134,True
도시락/보온병/가방,2303082401,2,키친/다이닝,2303082134,True
주방수납,2303082400,2,키친/다이닝,2303082134,True
주방수예/소품/청소,2303082399,2,키친/다이닝,2303082134,True
커피/와인/베이커리용품,2303082398,2,키친/다이닝,2303082134,True
세트,2303082397,2,키친/다이닝,2303082134,True
리빙,2303082133,1,라이프,2303082120,False
욕실/클리닝,2303082429,2,리빙,2303082133,False
타월/매트/가운,2303082444,3,욕실/클리닝,2303082429,True
샤워볼/샤워타월,2303082443,3,욕실/클리닝,2303082429,True
구강/세안/위생용품,2303082442,3,욕실/클리닝,2303082429,True
욕실소품/잡화,2303082441,3,욕실/클리닝,2303082429,True
욕실수납/정리,2303082440,3,욕실/클리닝,2303082429,True
세탁/건조용품,2303082439,3,욕실/클리닝,2303082429,True
청소용품,2303082438,3,욕실/클리닝,2303082429,True
세트,2303082437,3,욕실/클리닝,2303082429,True
침구/패브릭,2303082428,2,리빙,2303082133,False
홑/겹이불/담요,2303082461,3,침구/패브릭,2303082428,True
누비/차렵이불,2303082460,3,침구/패브릭,2303082428,True
패드/스프레드,2303082459,3,침구/패브릭,2303082428,True
베개/베개커버,2303082458,3,침구/패브릭,2303082428,True
이불커버,2303082457,3,침구/패브릭,2303082428,True
매트리스커버,2303082456,3,침구/패브릭,2303082428,True
이불솜/베개솜,2303082455,3,침구/패브릭,2303082428,True
방석/쿠션,2303082454,3,침구/패브릭,2303082428,True
러그/매트,2303082453,3,침구/패브릭,2303082428,True
거실화,2303082452,3,침구/패브릭,2303082428,True
세트,2303082451,3,침구/패브릭,2303082428,True
수납/정리,2303082427,2,리빙,2303082133,False
옷장 수납,2303082477,3,수납/정리,2303082427,True
화장대 수납,2303082476,3,수납/정리,2303082427,True
데스크 수납,2303082475,3,수납/정리,2303082427,True
선반/현관 수납,2303082474,3,수납/정리,2303082427,True
수납/세탁 바구니,2303082473,3,수납/정리,2303082427,True
다용도 수납,2303082472,3,수납/정리,2303082427,True
홈데코,2303082426,2,리빙,2303082133,False
금고,2303082485,3,홈데코,2303082426,True
액자,2303082484,3,홈데코,2303082426,True
시계,2303082483,3,홈데코,2303082426,True
거울,2303082482,3,홈데코,2303082426,True
디퓨저/방향제,2303082481,3,홈데코,2303082426,True
캔들/캔들홀더,2303082480,3,홈데코,2303082426,True
화병/조화,2303082479,3,홈데코,2303082426,True
디자인 소품,2303082478,3,홈데코,2303082426,True
여행소품/문구,2303082425,2,리빙,2303082133,False
캐리어/여행가방,2303082492,3,여행소품/문구,2303082425,True
여행 파우치,2303082491,3,여행소품/문구,2303082425,True
리필용기/여행소품,2303082490,3,여행소품/문구,2303082425,True
공책/수첩/카드,2303082489,3,여행소품/문구,2303082425,True
필기류,2303082488,3,여행소품/문구,2303082425,True
기타 소품,2303082487,3,여행소품/문구,2303082425,True
꽃/식물,2303082424,2,리빙,2303082133,False
생화,2303082493,3,꽃/식물,2303082424,True
웰빙/푸드,2303082132,1,라이프,2303082120,False
건강기능식품,2303082641,2,웰빙/푸드,2303082132,True
커피/티/세트,2303082640,2,웰빙/푸드,2303082132,True
기타,2303082639,2,웰빙/푸드,2303082132,True
반려동물,2303082131,1,라이프,2303082120,False
사료/간식,2303082525,2,반려동물,2303082131,True
패션,2303082524,2,반려동물,2303082131,True
산책/외출용품,2303082523,2,반려동물,2303082131,True
하우스/리빙,2303082522,2,반려동물,2303082131,True
식기,2303082521,2,반려동물,2303082131,True
장난감,2303082520,2,반려동물,2303082131,True
미용/기타,2303082519,2,반려동물,2303082131,True
취미,2407138234,1,라이프,2303082120,False
블록완구,2407138236,2,취미,2407138234,True
피규어,2407138237,2,취미,2407138234,True
프라모델,2407138238,2,취미,2407138234,True
RC,2407138239,2,취미,2407138234,True
미니카,2408142216,2,취미,2407138234,True
